046	atlure-api	https://github.com/simpxlify/atlure-api/issues/1	PVTI_lAHOA64YmM4BfXQOzg1S3rM
047	atlure-api	https://github.com/simpxlify/atlure-api/issues/2	PVTI_lAHOA64YmM4BfXQOzg1S3uA
048	atlure-api	https://github.com/simpxlify/atlure-api/issues/3	PVTI_lAHOA64YmM4BfXQOzg1S3xI
049	atlure-api	https://github.com/simpxlify/atlure-api/issues/4	PVTI_lAHOA64YmM4BfXQOzg1S31k
050	atlure-api	https://github.com/simpxlify/atlure-api/issues/5	PVTI_lAHOA64YmM4BfXQOzg1S34s
051	atlure-api	https://github.com/simpxlify/atlure-api/issues/6	PVTI_lAHOA64YmM4BfXQOzg1S37s
052	atlure-api	https://github.com/simpxlify/atlure-api/issues/7	PVTI_lAHOA64YmM4BfXQOzg1S3_Q
053	atlure-api	https://github.com/simpxlify/atlure-api/issues/8	PVTI_lAHOA64YmM4BfXQOzg1S4FU
054	atlure-api	https://github.com/simpxlify/atlure-api/issues/9	PVTI_lAHOA64YmM4BfXQOzg1S4LA
055	atlure-api	https://github.com/simpxlify/atlure-api/issues/10	PVTI_lAHOA64YmM4BfXQOzg1S4RI
056	atlure-api	https://github.com/simpxlify/atlure-api/issues/11	PVTI_lAHOA64YmM4BfXQOzg1S4Vg
057	atlure-api	https://github.com/simpxlify/atlure-api/issues/12	PVTI_lAHOA64YmM4BfXQOzg1S4Yk
001	atlure-ui	https://github.com/simpxlify/atlure-ui/issues/4	PVTI_lAHOA64YmM4BfXQOzg1S4eA
002	atlure-ui	https://github.com/simpxlify/atlure-ui/issues/5	PVTI_lAHOA64YmM4BfXQOzg1S4h8
003	atlure-ui	https://github.com/simpxlify/atlure-ui/issues/6	PVTI_lAHOA64YmM4BfXQOzg1S4k0
004	atlure-ui	https://github.com/simpxlify/atlure-ui/issues/7	PVTI_lAHOA64YmM4BfXQOzg1S4no
005	atlure-ui	https://github.com/simpxlify/atlure-ui/issues/8	PVTI_lAHOA64YmM4BfXQOzg1S4qc
006	atlure-ui	https://github.com/simpxlify/atlure-ui/issues/9	PVTI_lAHOA64YmM4BfXQOzg1S4uU
007	atlure-ui	https://github.com/simpxlify/atlure-ui/issues/10	PVTI_lAHOA64YmM4BfXQOzg1S4yI
008	atlure-ui	https://github.com/simpxlify/atlure-ui/issues/11	PVTI_lAHOA64YmM4BfXQOzg1S41o
009	atlure-ui	https://github.com/simpxlify/atlure-ui/issues/12	PVTI_lAHOA64YmM4BfXQOzg1S45g
010	atlure-ui	https://github.com/simpxlify/atlure-ui/issues/13	PVTI_lAHOA64YmM4BfXQOzg1S474
011	atlure-ui	https://github.com/simpxlify/atlure-ui/issues/14	PVTI_lAHOA64YmM4BfXQOzg1S4_E
012	atlure-ui	https://github.com/simpxlify/atlure-ui/issues/15	PVTI_lAHOA64YmM4BfXQOzg1S5Bo
013	atlure-ui	https://github.com/simpxlify/atlure-ui/issues/16	PVTI_lAHOA64YmM4BfXQOzg1S5I8
014	atlure-ui	https://github.com/simpxlify/atlure-ui/issues/17	PVTI_lAHOA64YmM4BfXQOzg1S5ME
015	atlure-ui	https://github.com/simpxlify/atlure-ui/issues/18	PVTI_lAHOA64YmM4BfXQOzg1S5Po
016	atlure-ui	https://github.com/simpxlify/atlure-ui/issues/19	PVTI_lAHOA64YmM4BfXQOzg1S5Ss
017	atlure-ui	https://github.com/simpxlify/atlure-ui/issues/20	PVTI_lAHOA64YmM4BfXQOzg1S5Vk
018	atlure-ui	https://github.com/simpxlify/atlure-ui/issues/21	PVTI_lAHOA64YmM4BfXQOzg1S5Z0
019	atlure-ui	https://github.com/simpxlify/atlure-ui/issues/22	PVTI_lAHOA64YmM4BfXQOzg1S5es
020	atlure-ui	https://github.com/simpxlify/atlure-ui/issues/23	PVTI_lAHOA64YmM4BfXQOzg1S5jI
021	atlure-ui	https://github.com/simpxlify/atlure-ui/issues/24	PVTI_lAHOA64YmM4BfXQOzg1S5m8
022	atlure-ui	https://github.com/simpxlify/atlure-ui/issues/25	PVTI_lAHOA64YmM4BfXQOzg1S5rs
023	atlure-ui	https://github.com/simpxlify/atlure-ui/issues/26	PVTI_lAHOA64YmM4BfXQOzg1S5v0
024	atlure-ui	https://github.com/simpxlify/atlure-ui/issues/27	PVTI_lAHOA64YmM4BfXQOzg1S5zM
025	atlure-ui	https://github.com/simpxlify/atlure-ui/issues/28	PVTI_lAHOA64YmM4BfXQOzg1S52k
026	atlure-ui	https://github.com/simpxlify/atlure-ui/issues/29	PVTI_lAHOA64YmM4BfXQOzg1S56A
027	atlure-ui	https://github.com/simpxlify/atlure-ui/issues/30	PVTI_lAHOA64YmM4BfXQOzg1S59g
028	atlure-ui	https://github.com/simpxlify/atlure-ui/issues/31	PVTI_lAHOA64YmM4BfXQOzg1S6BE
029	atlure-ui	https://github.com/simpxlify/atlure-ui/issues/32	PVTI_lAHOA64YmM4BfXQOzg1S6FA
030	atlure-ui	https://github.com/simpxlify/atlure-ui/issues/33	PVTI_lAHOA64YmM4BfXQOzg1S6Hw
031	atlure-ui	https://github.com/simpxlify/atlure-ui/issues/34	PVTI_lAHOA64YmM4BfXQOzg1S6Lc
032	atlure-ui	https://github.com/simpxlify/atlure-ui/issues/35	PVTI_lAHOA64YmM4BfXQOzg1S6PY
033	atlure-ui	https://github.com/simpxlify/atlure-ui/issues/36	PVTI_lAHOA64YmM4BfXQOzg1S6UQ
034	atlure-ui	https://github.com/simpxlify/atlure-ui/issues/37	PVTI_lAHOA64YmM4BfXQOzg1S6XY
035	atlure-ui	https://github.com/simpxlify/atlure-ui/issues/38	PVTI_lAHOA64YmM4BfXQOzg1S6bg
036	atlure-ui	https://github.com/simpxlify/atlure-ui/issues/39	PVTI_lAHOA64YmM4BfXQOzg1S6dY
037	atlure-ui	https://github.com/simpxlify/atlure-ui/issues/40	PVTI_lAHOA64YmM4BfXQOzg1S6hA
038	atlure-ui	https://github.com/simpxlify/atlure-ui/issues/41	PVTI_lAHOA64YmM4BfXQOzg1S6lc
039	atlure-ui	https://github.com/simpxlify/atlure-ui/issues/42	PVTI_lAHOA64YmM4BfXQOzg1S6pA
040	atlure-ui	https://github.com/simpxlify/atlure-ui/issues/43	PVTI_lAHOA64YmM4BfXQOzg1S6sw
041	atlure-ui	https://github.com/simpxlify/atlure-ui/issues/44	PVTI_lAHOA64YmM4BfXQOzg1S6w0
042	atlure-ui	https://github.com/simpxlify/atlure-ui/issues/45	PVTI_lAHOA64YmM4BfXQOzg1S6zg
043	atlure-ui	https://github.com/simpxlify/atlure-ui/issues/46	PVTI_lAHOA64YmM4BfXQOzg1S61w
044	atlure-ui	https://github.com/simpxlify/atlure-ui/issues/47	PVTI_lAHOA64YmM4BfXQOzg1S65U
045	atlure-ui	https://github.com/simpxlify/atlure-ui/issues/48	PVTI_lAHOA64YmM4BfXQOzg1S68c
112	atlure-ui	https://github.com/simpxlify/atlure-ui/issues/49	PVTI_lAHOA64YmM4BfXQOzg1S7BU
113	atlure-ui	https://github.com/simpxlify/atlure-ui/issues/50	PVTI_lAHOA64YmM4BfXQOzg1S7EE
066	atlure-paw	https://github.com/simpxlify/atlure-paw/issues/1	PVTI_lAHOA64YmM4BfXQOzg1S7Jo
067	atlure-paw	https://github.com/simpxlify/atlure-paw/issues/2	PVTI_lAHOA64YmM4BfXQOzg1S7NE
068	atlure-paw	https://github.com/simpxlify/atlure-paw/issues/3	PVTI_lAHOA64YmM4BfXQOzg1S7Qw
069	atlure-paw	https://github.com/simpxlify/atlure-paw/issues/4	PVTI_lAHOA64YmM4BfXQOzg1S7Ug
070	atlure-paw	https://github.com/simpxlify/atlure-paw/issues/5	PVTI_lAHOA64YmM4BfXQOzg1S7Yk
071	atlure-paw	https://github.com/simpxlify/atlure-paw/issues/6	PVTI_lAHOA64YmM4BfXQOzg1S7dE
072	atlure-paw	https://github.com/simpxlify/atlure-paw/issues/7	PVTI_lAHOA64YmM4BfXQOzg1S7fo
073	atlure-paw	https://github.com/simpxlify/atlure-paw/issues/8	PVTI_lAHOA64YmM4BfXQOzg1S7ig
074	atlure-paw	https://github.com/simpxlify/atlure-paw/issues/9	PVTI_lAHOA64YmM4BfXQOzg1S7mM
075	atlure-paw	https://github.com/simpxlify/atlure-paw/issues/10	PVTI_lAHOA64YmM4BfXQOzg1S7pc
076	atlure-paw	https://github.com/simpxlify/atlure-paw/issues/11	PVTI_lAHOA64YmM4BfXQOzg1S7sk
077	atlure-paw	https://github.com/simpxlify/atlure-paw/issues/12	PVTI_lAHOA64YmM4BfXQOzg1S7vg
078	atlure-paw	https://github.com/simpxlify/atlure-paw/issues/13	PVTI_lAHOA64YmM4BfXQOzg1S7yY
079	atlure-paw	https://github.com/simpxlify/atlure-paw/issues/14	PVTI_lAHOA64YmM4BfXQOzg1S700
080	atlure-paw	https://github.com/simpxlify/atlure-paw/issues/15	PVTI_lAHOA64YmM4BfXQOzg1S738
081	atlure-paw	https://github.com/simpxlify/atlure-paw/issues/16	PVTI_lAHOA64YmM4BfXQOzg1S77o
082	atlure-paw	https://github.com/simpxlify/atlure-paw/issues/17	PVTI_lAHOA64YmM4BfXQOzg1S79w
083	atlure-paw	https://github.com/simpxlify/atlure-paw/issues/18	PVTI_lAHOA64YmM4BfXQOzg1S8AA
084	atlure-paw	https://github.com/simpxlify/atlure-paw/issues/19	PVTI_lAHOA64YmM4BfXQOzg1S8C0
085	atlure-paw	https://github.com/simpxlify/atlure-paw/issues/20	PVTI_lAHOA64YmM4BfXQOzg1S8FQ
086	atlure-paw	https://github.com/simpxlify/atlure-paw/issues/21	PVTI_lAHOA64YmM4BfXQOzg1S8IM
087	atlure-paw	https://github.com/simpxlify/atlure-paw/issues/22	PVTI_lAHOA64YmM4BfXQOzg1S8L8
088	atlure-paw	https://github.com/simpxlify/atlure-paw/issues/23	PVTI_lAHOA64YmM4BfXQOzg1S8PU
089	atlure-paw	https://github.com/simpxlify/atlure-paw/issues/24	PVTI_lAHOA64YmM4BfXQOzg1S8Sg
090	atlure-paw	https://github.com/simpxlify/atlure-paw/issues/25	PVTI_lAHOA64YmM4BfXQOzg1S8VQ
091	atlure-paw	https://github.com/simpxlify/atlure-paw/issues/26	PVTI_lAHOA64YmM4BfXQOzg1S8ZA
092	atlure-paw	https://github.com/simpxlify/atlure-paw/issues/27	PVTI_lAHOA64YmM4BfXQOzg1S8ck
093	atlure-paw	https://github.com/simpxlify/atlure-paw/issues/28	PVTI_lAHOA64YmM4BfXQOzg1S8gY
094	atlure-paw	https://github.com/simpxlify/atlure-paw/issues/29	PVTI_lAHOA64YmM4BfXQOzg1S8ko
058	atlure-paw	https://github.com/simpxlify/atlure-paw/issues/30	PVTI_lAHOA64YmM4BfXQOzg1S8ns
059	atlure-paw	https://github.com/simpxlify/atlure-paw/issues/31	PVTI_lAHOA64YmM4BfXQOzg1S8rE
060	atlure-paw	https://github.com/simpxlify/atlure-paw/issues/32	PVTI_lAHOA64YmM4BfXQOzg1S8t0
061	atlure-paw	https://github.com/simpxlify/atlure-paw/issues/33	PVTI_lAHOA64YmM4BfXQOzg1S8xI
062	atlure-paw	https://github.com/simpxlify/atlure-paw/issues/34	PVTI_lAHOA64YmM4BfXQOzg1S8zo
063	atlure-paw	https://github.com/simpxlify/atlure-paw/issues/35	PVTI_lAHOA64YmM4BfXQOzg1S85Q
064	atlure-paw	https://github.com/simpxlify/atlure-paw/issues/36	PVTI_lAHOA64YmM4BfXQOzg1S87c
065	atlure-paw	https://github.com/simpxlify/atlure-paw/issues/37	PVTI_lAHOA64YmM4BfXQOzg1S898
104	atlure-ui	https://github.com/simpxlify/atlure-ui/issues/51	PVTI_lAHOA64YmM4BfXQOzg1S9Bc
105	atlure-paw	https://github.com/simpxlify/atlure-paw/issues/38	PVTI_lAHOA64YmM4BfXQOzg1S9Ek
106	atlure-ui	https://github.com/simpxlify/atlure-ui/issues/52	PVTI_lAHOA64YmM4BfXQOzg1S9IE
107	atlure-ui	https://github.com/simpxlify/atlure-ui/issues/53	PVTI_lAHOA64YmM4BfXQOzg1S9ME
108	atlure-paw	https://github.com/simpxlify/atlure-paw/issues/39	PVTI_lAHOA64YmM4BfXQOzg1S9QA
109	atlure-ui	https://github.com/simpxlify/atlure-ui/issues/54	PVTI_lAHOA64YmM4BfXQOzg1S9TU
110	atlure-ui	https://github.com/simpxlify/atlure-ui/issues/55	PVTI_lAHOA64YmM4BfXQOzg1S9Wc
111	atlure-paw	https://github.com/simpxlify/atlure-paw/issues/40	PVTI_lAHOA64YmM4BfXQOzg1S9ZQ
095	atlure-web	https://github.com/simpxlify/atlure-web/issues/1	PVTI_lAHOA64YmM4BfXQOzg1S9dE
096	atlure-web	https://github.com/simpxlify/atlure-web/issues/2	PVTI_lAHOA64YmM4BfXQOzg1S9gY
097	atlure-web	https://github.com/simpxlify/atlure-web/issues/3	PVTI_lAHOA64YmM4BfXQOzg1S9kU
098	atlure-web	https://github.com/simpxlify/atlure-web/issues/4	PVTI_lAHOA64YmM4BfXQOzg1S9n4
099	atlure-web	https://github.com/simpxlify/atlure-web/issues/5	PVTI_lAHOA64YmM4BfXQOzg1S9sE
100	atlure-web	https://github.com/simpxlify/atlure-web/issues/6	PVTI_lAHOA64YmM4BfXQOzg1S9vw
101	atlure-web	https://github.com/simpxlify/atlure-web/issues/7	PVTI_lAHOA64YmM4BfXQOzg1S9ys
102	atlure-web	https://github.com/simpxlify/atlure-web/issues/8	PVTI_lAHOA64YmM4BfXQOzg1S91g
103	atlure-web	https://github.com/simpxlify/atlure-web/issues/9	PVTI_lAHOA64YmM4BfXQOzg1S95g
